asset_path,shape,source_center_x,source_center_y,source_width,source_height,source_x,source_y,manifest,final_source_kind
circle/001_erase_the_circle_0726-162803.png,circle,454,512,120,112,376,438,C:\Users\user\vscode\1ugrp\lerobot_robot_piper_full_code_2026-07-13\records\whiteboard_augmenter\records_0727_0813_assets_work\final_assets\final_asset_manifest.csv,original_clean
circle/002_erase_the_circle_0726-163254.png,circle,444,485,118,108,367,413,C:\Users\user\vscode\1ugrp\lerobot_robot_piper_full_code_2026-07-13\records\whiteboard_augmenter\records_0727_0813_assets_work\final_assets\final_asset_manifest.csv,original_clean
circle/003_erase_the_circle_0726-163611.png,circle,442,476.5,134,129,357,394,C:\Users\user\vscode\1ugrp\lerobot_robot_piper_full_code_2026-07-13\records\whiteboard_augmenter\records_0727_0813_assets_work\final_assets\final_asset_manifest.csv,original_clean
circle/004_erase_the_circle_0726-163930.png,circle,446,499.5,148,135,354,414,C:\Users\user\vscode\1ugrp\lerobot_robot_piper_full_code_2026-07-13\records\whiteboard_augmenter\records_0727_0813_assets_work\final_assets\final_asset_manifest.csv,original_clean
circle/009_erase_the_circle_0726-165719.png,circle,599.5,75.5,147,145,508,0,C:\Users\user\vscode\1ugrp\lerobot_robot_piper_full_code_2026-07-13\records\whiteboard_augmenter\records_0727_0813_assets_work\final_assets\final_asset_manifest.csv,original_clean
circle/010_erase_the_circle_0726-165848.png,circle,582.5,137.5,107,105,511,67,C:\Users\user\vscode\1ugrp\lerobot_robot_piper_full_code_2026-07-13\records\whiteboard_augmenter\records_0727_0813_assets_work\final_assets\final_asset_manifest.csv,original_clean
circle/011_erase_the_circle_0726-170001.png,circle,580.5,142.5,109,105,508,72,C:\Users\user\vscode\1ugrp\lerobot_robot_piper_full_code_2026-07-13\records\whiteboard_augmenter\records_0727_0813_assets_work\final_assets\final_asset_manifest.csv,original_clean
circle/012_erase_the_circle_0726-170124.png,circle,585,136.5,110,99,512,69,C:\Users\user\vscode\1ugrp\lerobot_robot_piper_full_code_2026-07-13\records\whiteboard_augmenter\records_0727_0813_assets_work\final_assets\final_asset_manifest.csv,original_clean
circle/014_erase_the_circle_0727-111036.png,circle,417.5,83.5,133,131,333,0,C:\Users\user\vscode\1ugrp\lerobot_robot_piper_full_code_2026-07-13\records\whiteboard_augmenter\records_0727_0813_assets_work\final_assets\final_asset_manifest.csv,original_clean
circle/015_erase_the_circle_0727-111212.png,circle,414.5,77,137,128,328,0,C:\Users\user\vscode\1ugrp\lerobot_robot_piper_full_code_2026-07-13\records\whiteboard_augmenter\records_0727_0813_assets_work\final_assets\final_asset_manifest.csv,original_clean
circle/016_erase_the_circle_0727-111340.png,circle,419,78.5,130,131,336,0,C:\Users\user\vscode\1ugrp\lerobot_robot_piper_full_code_2026-07-13\records\whiteboard_augmenter\records_0727_0813_assets_work\final_assets\final_asset_manifest.csv,original_clean
circle/017_erase_the_circle_0727-111813.png,circle,386.5,520.5,107,105,315,450,C:\Users\user\vscode\1ugrp\lerobot_robot_piper_full_code_2026-07-13\records\whiteboard_augmenter\records_0727_0813_assets_work\final_assets\final_asset_manifest.csv,original_clean
circle/018_erase_the_circle_0727-111943.png,circle,560,488,124,120,480,410,C:\Users\user\vscode\1ugrp\lerobot_robot_piper_full_code_2026-07-13\records\whiteboard_augmenter\records_0727_0813_assets_work\final_assets\final_asset_manifest.csv,original_clean
circle/019_erase_the_circle_0727-112133.png,circle,577.5,87,117,106,501,16,C:\Users\user\vscode\1ugrp\lerobot_robot_piper_full_code_2026-07-13\records\whiteboard_augmenter\records_0727_0813_assets_work\final_assets\final_asset_manifest.csv,original_clean
circle/020_erase_the_circle_0727-112529.png,circle,363,106.5,128,113,281,32,C:\Users\user\vscode\1ugrp\lerobot_robot_piper_full_code_2026-07-13\records\whiteboard_augmenter\records_0727_0813_assets_work\final_assets\final_asset_manifest.csv,original_clean
circle/021_erase_the_circle_0802-130542.png,circle,436.5,461.5,127,117,355,385,C:\Users\user\vscode\1ugrp\lerobot_robot_piper_full_code_2026-07-13\records\whiteboard_augmenter\records_0727_0813_assets_work\final_assets\final_asset_manifest.csv,original_clean
circle/022_erase_the_circle_0802-130825.png,circle,430.5,148.5,131,151,347,55,C:\Users\user\vscode\1ugrp\lerobot_robot_piper_full_code_2026-07-13\records\whiteboard_augmenter\records_0727_0813_assets_work\final_assets\final_asset_manifest.csv,original_clean
circle/023_erase_the_circle_0802-130939.png,circle,538.5,444,101,102,470,375,C:\Users\user\vscode\1ugrp\lerobot_robot_piper_full_code_2026-07-13\records\whiteboard_augmenter\records_0727_0813_assets_work\final_assets\final_asset_manifest.csv,original_clean
circle/024_erase_the_circle_0802-131058.png,circle,513.5,162,111,114,440,87,C:\Users\user\vscode\1ugrp\lerobot_robot_piper_full_code_2026-07-13\records\whiteboard_augmenter\records_0727_0813_assets_work\final_assets\final_asset_manifest.csv,original_clean
circle/025_erase_the_circle_0802-131216.png,circle,310.5,444.5,109,107,238,373,C:\Users\user\vscode\1ugrp\lerobot_robot_piper_full_code_2026-07-13\records\whiteboard_augmenter\records_0727_0813_assets_work\final_assets\final_asset_manifest.csv,original_clean
circle/026_erase_the_circle_0802-131420.png,circle,330.5,177.5,115,113,255,103,C:\Users\user\vscode\1ugrp\lerobot_robot_piper_full_code_2026-07-13\records\whiteboard_augmenter\records_0727_0813_assets_work\final_assets\final_asset_manifest.csv,original_clean
circle/027_erase_the_circle_0802-132022.png,circle,450,509.5,158,157,353,413,C:\Users\user\vscode\1ugrp\lerobot_robot_piper_full_code_2026-07-13\records\whiteboard_augmenter\records_0727_0813_assets_work\final_assets\final_asset_manifest.csv,original_clean
circle/028_erase_the_circle_0802-132211.png,circle,439.5,135.5,127,133,358,51,C:\Users\user\vscode\1ugrp\lerobot_robot_piper_full_code_2026-07-13\records\whiteboard_augmenter\records_0727_0813_assets_work\final_assets\final_asset_manifest.csv,original_clean
circle/029_erase_the_circle_0802-132330.png,circle,528,501,126,132,447,417,C:\Users\user\vscode\1ugrp\lerobot_robot_piper_full_code_2026-07-13\records\whiteboard_augmenter\records_0727_0813_assets_work\final_assets\final_asset_manifest.csv,original_clean
circle/030_erase_the_circle_0802-132443.png,circle,523,148.5,144,141,433,60,C:\Users\user\vscode\1ugrp\lerobot_robot_piper_full_code_2026-07-13\records\whiteboard_augmenter\records_0727_0813_assets_work\final_assets\final_asset_manifest.csv,original_clean
circle/031_erase_the_circle_0802-132838.png,circle,326.5,78.5,131,121,243,0,C:\Users\user\vscode\1ugrp\lerobot_robot_piper_full_code_2026-07-13\records\whiteboard_augmenter\records_0727_0813_assets_work\final_assets\final_asset_manifest.csv,original_clean
circle/032_erase_the_circle_0802-132954.png,circle,458,556,140,122,370,477,C:\Users\user\vscode\1ugrp\lerobot_robot_piper_full_code_2026-07-13\records\whiteboard_augmenter\records_0727_0813_assets_work\final_assets\final_asset_manifest.csv,original_clean
circle/033_erase_the_circle_0802-133231.png,circle,420.5,79,153,144,326,0,C:\Users\user\vscode\1ugrp\lerobot_robot_piper_full_code_2026-07-13\records\whiteboard_augmenter\records_0727_0813_assets_work\final_assets\final_asset_manifest.csv,original_clean
circle/034_erase_the_circle_0802-133354.png,circle,535,493,120,120,457,415,C:\Users\user\vscode\1ugrp\lerobot_robot_piper_full_code_2026-07-13\records\whiteboard_augmenter\records_0727_0813_assets_work\final_assets\final_asset_manifest.csv,original_clean
circle/035_erase_the_circle_0802-133505.png,circle,509.5,95.5,125,129,429,13,C:\Users\user\vscode\1ugrp\lerobot_robot_piper_full_code_2026-07-13\records\whiteboard_augmenter\records_0727_0813_assets_work\final_assets\final_asset_manifest.csv,original_clean
circle/037_erase_the_circle_0802-134056.png,circle,458.5,503.5,129,127,376,422,C:\Users\user\vscode\1ugrp\lerobot_robot_piper_full_code_2026-07-13\records\whiteboard_augmenter\records_0727_0813_assets_work\final_assets\final_asset_manifest.csv,original_clean
circle/038_erase_the_circle_0802-134312.png,circle,562.5,500,129,128,480,418,C:\Users\user\vscode\1ugrp\lerobot_robot_piper_full_code_2026-07-13\records\whiteboard_augmenter\records_0727_0813_assets_work\final_assets\final_asset_manifest.csv,original_clean
circle/039_erase_the_circle_0802-134917.png,circle,528,111,130,130,445,28,C:\Users\user\vscode\1ugrp\lerobot_robot_piper_full_code_2026-07-13\records\whiteboard_augmenter\records_0727_0813_assets_work\final_assets\final_asset_manifest.csv,original_clean
circle/040_erase_the_circle_0802-135033.png,circle,322.5,486,97,96,256,420,C:\Users\user\vscode\1ugrp\lerobot_robot_piper_full_code_2026-07-13\records\whiteboard_augmenter\records_0727_0813_assets_work\final_assets\final_asset_manifest.csv,original_clean
circle/041_erase_the_circle_0802-135317.png,circle,424.5,477.5,131,129,341,395,C:\Users\user\vscode\1ugrp\lerobot_robot_piper_full_code_2026-07-13\records\whiteboard_augmenter\records_0727_0813_assets_work\final_assets\final_asset_manifest.csv,original_clean
circle/042_erase_the_circle_0802-135438.png,circle,441.5,131,133,138,357,44,C:\Users\user\vscode\1ugrp\lerobot_robot_piper_full_code_2026-07-13\records\whiteboard_augmenter\records_0727_0813_assets_work\final_assets\final_asset_manifest.csv,original_clean
circle/043_erase_the_circle_0802-135558.png,circle,527,497,134,136,442,411,C:\Users\user\vscode\1ugrp\lerobot_robot_piper_full_code_2026-07-13\records\whiteboard_augmenter\records_0727_0813_assets_work\final_assets\final_asset_manifest.csv,original_clean
circle/044_erase_the_circle_0802-135800.png,circle,533,132,130,124,450,52,C:\Users\user\vscode\1ugrp\lerobot_robot_piper_full_code_2026-07-13\records\whiteboard_augmenter\records_0727_0813_assets_work\final_assets\final_asset_manifest.csv,original_clean
circle/045_erase_the_circle_0802-135912.png,circle,438.5,475.5,133,133,354,391,C:\Users\user\vscode\1ugrp\lerobot_robot_piper_full_code_2026-07-13\records\whiteboard_augmenter\records_0727_0813_assets_work\final_assets\final_asset_manifest.csv,original_clean
circle/046_erase_the_circle_0802-140037.png,circle,431,127,148,140,339,39,C:\Users\user\vscode\1ugrp\lerobot_robot_piper_full_code_2026-07-13\records\whiteboard_augmenter\records_0727_0813_assets_work\final_assets\final_asset_manifest.csv,original_clean
circle/048_erase_the_circle_0805-183247.png,circle,461,522.5,132,137,377,436,C:\Users\user\vscode\1ugrp\lerobot_robot_piper_full_code_2026-07-13\records\whiteboard_augmenter\records_0727_0813_assets_work\final_assets\final_asset_manifest.csv,original_clean
circle/049_erase_the_circle_0805-183402.png,circle,443.5,125,143,138,354,38,C:\Users\user\vscode\1ugrp\lerobot_robot_piper_full_code_2026-07-13\records\whiteboard_augmenter\records_0727_0813_assets_work\final_assets\final_asset_manifest.csv,original_clean
circle/050_erase_the_circle_0805-183515.png,circle,305.5,475,135,140,220,387,C:\Users\user\vscode\1ugrp\lerobot_robot_piper_full_code_2026-07-13\records\whiteboard_augmenter\records_0727_0813_assets_work\final_assets\final_asset_manifest.csv,original_clean
circle/051_erase_the_circle_0805-183623.png,circle,307.5,117.5,139,141,220,29,C:\Users\user\vscode\1ugrp\lerobot_robot_piper_full_code_2026-07-13\records\whiteboard_augmenter\records_0727_0813_assets_work\final_assets\final_asset_manifest.csv,original_clean
circle/053_erase_the_circle_0805-184029.png,circle,521,110,138,142,434,21,C:\Users\user\vscode\1ugrp\lerobot_robot_piper_full_code_2026-07-13\records\whiteboard_augmenter\records_0727_0813_assets_work\final_assets\final_asset_manifest.csv,original_clean
circle/054_erase_the_circle_0805-184141.png,circle,445.5,468,127,130,364,385,C:\Users\user\vscode\1ugrp\lerobot_robot_piper_full_code_2026-07-13\records\whiteboard_augmenter\records_0727_0813_assets_work\final_assets\final_asset_manifest.csv,original_clean
circle/055_erase_the_circle_0805-184247.png,circle,406.5,146.5,149,155,314,51,C:\Users\user\vscode\1ugrp\lerobot_robot_piper_full_code_2026-07-13\records\whiteboard_augmenter\records_0727_0813_assets_work\final_assets\final_asset_manifest.csv,original_clean
circle/056_erase_the_circle_0805-184359.png,circle,313,489,140,144,225,399,C:\Users\user\vscode\1ugrp\lerobot_robot_piper_full_code_2026-07-13\records\whiteboard_augmenter\records_0727_0813_assets_work\final_assets\final_asset_manifest.csv,original_clean
circle/057_erase_the_circle_0805-184700.png,circle,320,139.5,150,151,227,46,C:\Users\user\vscode\1ugrp\lerobot_robot_piper_full_code_2026-07-13\records\whiteboard_augmenter\records_0727_0813_assets_work\final_assets\final_asset_manifest.csv,original_clean
circle/058_erase_the_circle_0805-184814.png,circle,550,518.5,132,143,466,429,C:\Users\user\vscode\1ugrp\lerobot_robot_piper_full_code_2026-07-13\records\whiteboard_augmenter\records_0727_0813_assets_work\final_assets\final_asset_manifest.csv,original_clean
circle/059_erase_the_circle_0805-184920.png,circle,509.5,128,139,136,422,42,C:\Users\user\vscode\1ugrp\lerobot_robot_piper_full_code_2026-07-13\records\whiteboard_augmenter\records_0727_0813_assets_work\final_assets\final_asset_manifest.csv,original_clean
circle/060_erase_the_circle_0805-185025.png,circle,437.5,544.5,153,159,343,447,C:\Users\user\vscode\1ugrp\lerobot_robot_piper_full_code_2026-07-13\records\whiteboard_augmenter\records_0727_0813_assets_work\final_assets\final_asset_manifest.csv,original_clean
circle/061_erase_the_circle_0805-185133.png,circle,412.5,80.5,151,153,319,0,C:\Users\user\vscode\1ugrp\lerobot_robot_piper_full_code_2026-07-13\records\whiteboard_augmenter\records_0727_0813_assets_work\final_assets\final_asset_manifest.csv,original_clean
circle/062_erase_the_circle_0805-185457.png,circle,323,114,154,154,228,19,C:\Users\user\vscode\1ugrp\lerobot_robot_piper_full_code_2026-07-13\records\whiteboard_augmenter\records_0727_0813_assets_work\final_assets\final_asset_manifest.csv,original_clean
circle/065_erase_the_circle_0811-210340.png,circle,343.5,122.5,115,107,268,51,C:\Users\user\vscode\1ugrp\lerobot_robot_piper_full_code_2026-07-13\records\whiteboard_augmenter\records_0727_0813_assets_work\final_assets\final_asset_manifest.csv,original_clean
circle/066_erase_the_circle_0811-210449.png,circle,376,492,108,114,304,417,C:\Users\user\vscode\1ugrp\lerobot_robot_piper_full_code_2026-07-13\records\whiteboard_augmenter\records_0727_0813_assets_work\final_assets\final_asset_manifest.csv,original_clean
circle/068_erase_the_circle_0811-210755.png,circle,561,149.5,102,95,492,84,C:\Users\user\vscode\1ugrp\lerobot_robot_piper_full_code_2026-07-13\records\whiteboard_augmenter\records_0727_0813_assets_work\final_assets\final_asset_manifest.csv,original_clean
circle/069_erase_the_circle_0811-210901.png,circle,341.5,131.5,103,111,272,58,C:\Users\user\vscode\1ugrp\lerobot_robot_piper_full_code_2026-07-13\records\whiteboard_augmenter\records_0727_0813_assets_work\final_assets\final_asset_manifest.csv,original_clean
circle/070_erase_the_circle_0811-211009.png,circle,381.5,509,123,110,302,436,C:\Users\user\vscode\1ugrp\lerobot_robot_piper_full_code_2026-07-13\records\whiteboard_augmenter\records_0727_0813_assets_work\final_assets\final_asset_manifest.csv,original_clean
circle/071_erase_the_circle_0811-211403.png,circle,335.5,107.5,107,109,264,35,C:\Users\user\vscode\1ugrp\lerobot_robot_piper_full_code_2026-07-13\records\whiteboard_augmenter\records_0727_0813_assets_work\final_assets\final_asset_manifest.csv,original_clean
circle/072_erase_the_circle_0811-211510.png,circle,354,579,106,100,283,511,C:\Users\user\vscode\1ugrp\lerobot_robot_piper_full_code_2026-07-13\records\whiteboard_augmenter\records_0727_0813_assets_work\final_assets\final_asset_manifest.csv,original_clean
circle/073_erase_the_circle_0811-211620.png,circle,580.5,564,119,122,503,485,C:\Users\user\vscode\1ugrp\lerobot_robot_piper_full_code_2026-07-13\records\whiteboard_augmenter\records_0727_0813_assets_work\final_assets\final_asset_manifest.csv,original_clean
circle/074_erase_the_circle_0811-211826.png,circle,581,87,128,130,499,4,C:\Users\user\vscode\1ugrp\lerobot_robot_piper_full_code_2026-07-13\records\whiteboard_augmenter\records_0727_0813_assets_work\final_assets\final_asset_manifest.csv,original_clean
circle/075_erase_the_circle_0811-211952.png,circle,335.5,104,111,114,262,29,C:\Users\user\vscode\1ugrp\lerobot_robot_piper_full_code_2026-07-13\records\whiteboard_augmenter\records_0727_0813_assets_work\final_assets\final_asset_manifest.csv,original_clean
circle/076_erase_the_circle_0811-212055.png,circle,349,572,120,116,271,496,C:\Users\user\vscode\1ugrp\lerobot_robot_piper_full_code_2026-07-13\records\whiteboard_augmenter\records_0727_0813_assets_work\final_assets\final_asset_manifest.csv,original_clean
circle/077_erase_the_circle_0811-212311.png,circle,560,569,130,132,477,485,C:\Users\user\vscode\1ugrp\lerobot_robot_piper_full_code_2026-07-13\records\whiteboard_augmenter\records_0727_0813_assets_work\final_assets\final_asset_manifest.csv,original_clean
circle/078_erase_the_circle_0811-212601.png,circle,561.5,100.5,103,113,492,26,C:\Users\user\vscode\1ugrp\lerobot_robot_piper_full_code_2026-07-13\records\whiteboard_augmenter\records_0727_0813_assets_work\final_assets\final_asset_manifest.csv,original_clean
circle/079_erase_the_circle_0812-131127.png,circle,443.5,107.5,117,101,367,39,C:\Users\user\vscode\1ugrp\lerobot_robot_piper_full_code_2026-07-13\records\whiteboard_augmenter\records_0727_0813_assets_work\final_assets\final_asset_manifest.csv,original_clean
circle/080_erase_the_circle_0812-131648.png,circle,404,491.5,116,105,328,421,C:\Users\user\vscode\1ugrp\lerobot_robot_piper_full_code_2026-07-13\records\whiteboard_augmenter\records_0727_0813_assets_work\final_assets\final_asset_manifest.csv,original_clean
circle/081_erase_the_circle_0812-131859.png,circle,406.5,509,143,138,317,422,C:\Users\user\vscode\1ugrp\lerobot_robot_piper_full_code_2026-07-13\records\whiteboard_augmenter\records_0727_0813_assets_work\final_assets\final_asset_manifest.csv,original_clean
circle/082_erase_the_circle_0812-132039.png,circle,393.5,513.5,115,111,318,440,C:\Users\user\vscode\1ugrp\lerobot_robot_piper_full_code_2026-07-13\records\whiteboard_augmenter\records_0727_0813_assets_work\final_assets\final_asset_manifest.csv,original_clean
circle/083_erase_the_circle_0812-132142.png,circle,402.5,512,111,108,329,440,C:\Users\user\vscode\1ugrp\lerobot_robot_piper_full_code_2026-07-13\records\whiteboard_augmenter\records_0727_0813_assets_work\final_assets\final_asset_manifest.csv,original_clean
circle/084_erase_the_circle_0812-132245.png,circle,401.5,515,119,114,324,440,C:\Users\user\vscode\1ugrp\lerobot_robot_piper_full_code_2026-07-13\records\whiteboard_augmenter\records_0727_0813_assets_work\final_assets\final_asset_manifest.csv,original_clean
circle/090_erase_the_circle_0812-133146.png,circle,410.5,104,143,144,321,14,C:\Users\user\vscode\1ugrp\lerobot_robot_piper_full_code_2026-07-13\records\whiteboard_augmenter\records_0727_0813_assets_work\final_assets\final_asset_manifest.csv,original_clean
circle/091_erase_the_circle_0812-133256.png,circle,414,113.5,136,127,328,32,C:\Users\user\vscode\1ugrp\lerobot_robot_piper_full_code_2026-07-13\records\whiteboard_augmenter\records_0727_0813_assets_work\final_assets\final_asset_manifest.csv,original_clean
circle/092_erase_the_circle_0812-133357.png,circle,414,108,128,122,332,29,C:\Users\user\vscode\1ugrp\lerobot_robot_piper_full_code_2026-07-13\records\whiteboard_augmenter\records_0727_0813_assets_work\final_assets\final_asset_manifest.csv,original_clean
circle/093_erase_the_circle_0812-133507.png,circle,410.5,108.5,133,131,326,25,C:\Users\user\vscode\1ugrp\lerobot_robot_piper_full_code_2026-07-13\records\whiteboard_augmenter\records_0727_0813_assets_work\final_assets\final_asset_manifest.csv,original_clean
circle/094_erase_the_circle_0812-133610.png,circle,574.5,142,135,142,489,53,C:\Users\user\vscode\1ugrp\lerobot_robot_piper_full_code_2026-07-13\records\whiteboard_augmenter\records_0727_0813_assets_work\final_assets\final_asset_manifest.csv,original_clean
circle/095_erase_the_circle_0812-133842.png,circle,582,148,124,124,502,68,C:\Users\user\vscode\1ugrp\lerobot_robot_piper_full_code_2026-07-13\records\whiteboard_augmenter\records_0727_0813_assets_work\final_assets\final_asset_manifest.csv,original_clean
circle/096_erase_the_circle_0812-133948.png,circle,582,150.5,120,115,504,75,C:\Users\user\vscode\1ugrp\lerobot_robot_piper_full_code_2026-07-13\records\whiteboard_augmenter\records_0727_0813_assets_work\final_assets\final_asset_manifest.csv,original_clean
circle/097_erase_the_circle_0812-134055.png,circle,577.5,149,125,120,497,71,C:\Users\user\vscode\1ugrp\lerobot_robot_piper_full_code_2026-07-13\records\whiteboard_augmenter\records_0727_0813_assets_work\final_assets\final_asset_manifest.csv,original_clean
circle/098_erase_the_circle_0812-134159.png,circle,582,146.5,126,113,501,72,C:\Users\user\vscode\1ugrp\lerobot_robot_piper_full_code_2026-07-13\records\whiteboard_augmenter\records_0727_0813_assets_work\final_assets\final_asset_manifest.csv,original_clean
circle/099_erase_the_circle_0813-121528.png,circle,412,494,120,114,334,419,C:\Users\user\vscode\1ugrp\lerobot_robot_piper_full_code_2026-07-13\records\whiteboard_augmenter\records_0727_0813_assets_work\final_assets\final_asset_manifest.csv,original_clean
circle/102_erase_the_circle_0813-121829.png,circle,444,125,154,148,349,33,C:\Users\user\vscode\1ugrp\lerobot_robot_piper_full_code_2026-07-13\records\whiteboard_augmenter\records_0727_0813_assets_work\final_assets\final_asset_manifest.csv,original_clean
circle/103_erase_the_circle_0813-212950.png,circle,328.5,481.5,107,117,257,405,C:\Users\user\vscode\1ugrp\lerobot_robot_piper_full_code_2026-07-13\records\whiteboard_augmenter\records_0727_0813_assets_work\final_assets\final_asset_manifest.csv,original_clean
circle/104_erase_the_circle_0813-213111.png,circle,316.5,121,127,138,235,34,C:\Users\user\vscode\1ugrp\lerobot_robot_piper_full_code_2026-07-13\records\whiteboard_augmenter\records_0727_0813_assets_work\final_assets\final_asset_manifest.csv,original_clean
circle/105_erase_the_circle_0813-213220.png,circle,437.5,133,125,120,357,55,C:\Users\user\vscode\1ugrp\lerobot_robot_piper_full_code_2026-07-13\records\whiteboard_augmenter\records_0727_0813_assets_work\final_assets\final_asset_manifest.csv,original_clean
circle/005_erase_the_circle_0726-164049.png,circle,604,505.5,136,125,518,425,C:\Users\user\vscode\1ugrp\lerobot_robot_piper_full_code_2026-07-13\records\whiteboard_augmenter\records_0727_0813_assets_work\final_assets\final_asset_manifest.csv,recovered_approved
circle/006_erase_the_circle_0726-164200.png,circle,608,479,140,128,520,397,C:\Users\user\vscode\1ugrp\lerobot_robot_piper_full_code_2026-07-13\records\whiteboard_augmenter\records_0727_0813_assets_work\final_assets\final_asset_manifest.csv,recovered_approved
circle/007_erase_the_circle_0726-164325.png,circle,599,478.5,126,119,518,401,C:\Users\user\vscode\1ugrp\lerobot_robot_piper_full_code_2026-07-13\records\whiteboard_augmenter\records_0727_0813_assets_work\final_assets\final_asset_manifest.csv,recovered_approved
circle/047_erase_the_circle_0802-145406.png,circle,474,441,112,112,400,367,C:\Users\user\vscode\1ugrp\lerobot_robot_piper_full_code_2026-07-13\records\whiteboard_augmenter\records_0727_0813_assets_work\final_assets\final_asset_manifest.csv,recovered_approved
circle/052_erase_the_circle_0805-183739.png,circle,567.5,477,143,146,478,386,C:\Users\user\vscode\1ugrp\lerobot_robot_piper_full_code_2026-07-13\records\whiteboard_augmenter\records_0727_0813_assets_work\final_assets\final_asset_manifest.csv,recovered_approved
circle/063_erase_the_circle_0811-210132.png,circle,592.5,473.5,125,127,512,392,C:\Users\user\vscode\1ugrp\lerobot_robot_piper_full_code_2026-07-13\records\whiteboard_augmenter\records_0727_0813_assets_work\final_assets\final_asset_manifest.csv,recovered_approved
circle/064_erase_the_circle_0811-210236.png,circle,590.5,114.5,119,115,513,39,C:\Users\user\vscode\1ugrp\lerobot_robot_piper_full_code_2026-07-13\records\whiteboard_augmenter\records_0727_0813_assets_work\final_assets\final_asset_manifest.csv,recovered_approved
circle/067_erase_the_circle_0811-210646.png,circle,588,457,120,124,510,377,C:\Users\user\vscode\1ugrp\lerobot_robot_piper_full_code_2026-07-13\records\whiteboard_augmenter\records_0727_0813_assets_work\final_assets\final_asset_manifest.csv,recovered_approved
circle/086_erase_the_circle_0812-132727.png,circle,575.5,445,127,108,494,373,C:\Users\user\vscode\1ugrp\lerobot_robot_piper_full_code_2026-07-13\records\whiteboard_augmenter\records_0727_0813_assets_work\final_assets\final_asset_manifest.csv,recovered_approved
circle/087_erase_the_circle_0812-132832.png,circle,582,447,124,120,502,369,C:\Users\user\vscode\1ugrp\lerobot_robot_piper_full_code_2026-07-13\records\whiteboard_augmenter\records_0727_0813_assets_work\final_assets\final_asset_manifest.csv,recovered_approved
circle/088_erase_the_circle_0812-132935.png,circle,583,443.5,116,113,507,369,C:\Users\user\vscode\1ugrp\lerobot_robot_piper_full_code_2026-07-13\records\whiteboard_augmenter\records_0727_0813_assets_work\final_assets\final_asset_manifest.csv,recovered_approved
circle/101_erase_the_circle_0813-121727.png,circle,613,140.5,160,147,515,49,C:\Users\user\vscode\1ugrp\lerobot_robot_piper_full_code_2026-07-13\records\whiteboard_augmenter\records_0727_0813_assets_work\final_assets\final_asset_manifest.csv,recovered_approved
rectangle/001_erase_the_rectangle_0727-120251.png,rectangle,437.5,460,125,148,357,368,C:\Users\user\vscode\1ugrp\lerobot_robot_piper_full_code_2026-07-13\records\whiteboard_augmenter\records_0727_0813_assets_work\final_assets\final_asset_manifest.csv,original_clean
rectangle/002_erase_the_rectangle_0727-120407.png,rectangle,433,468.5,136,141,347,380,C:\Users\user\vscode\1ugrp\lerobot_robot_piper_full_code_2026-07-13\records\whiteboard_augmenter\records_0727_0813_assets_work\final_assets\final_asset_manifest.csv,original_clean
rectangle/003_erase_the_rectangle_0727-120609.png,rectangle,435,468.5,134,141,350,380,C:\Users\user\vscode\1ugrp\lerobot_robot_piper_full_code_2026-07-13\records\whiteboard_augmenter\records_0727_0813_assets_work\final_assets\final_asset_manifest.csv,original_clean
rectangle/004_erase_the_rectangle_0727-120733.png,rectangle,438.5,469,151,138,345,382,C:\Users\user\vscode\1ugrp\lerobot_robot_piper_full_code_2026-07-13\records\whiteboard_augmenter\records_0727_0813_assets_work\final_assets\final_asset_manifest.csv,original_clean
rectangle/005_erase_the_rectangle_0727-121003.png,rectangle,433,467.5,144,137,343,381,C:\Users\user\vscode\1ugrp\lerobot_robot_piper_full_code_2026-07-13\records\whiteboard_augmenter\records_0727_0813_assets_work\final_assets\final_asset_manifest.csv,original_clean
rectangle/006_erase_the_rectangle_0727-121135.png,rectangle,581.5,459.5,135,141,496,371,C:\Users\user\vscode\1ugrp\lerobot_robot_piper_full_code_2026-07-13\records\whiteboard_augmenter\records_0727_0813_assets_work\final_assets\final_asset_manifest.csv,original_clean
rectangle/008_erase_the_rectangle_0727-121435.png,rectangle,586.5,450,137,126,500,369,C:\Users\user\vscode\1ugrp\lerobot_robot_piper_full_code_2026-07-13\records\whiteboard_augmenter\records_0727_0813_assets_work\final_assets\final_asset_manifest.csv,original_clean
rectangle/011_erase_the_rectangle_0727-121900.png,rectangle,553,111.5,146,149,462,19,C:\Users\user\vscode\1ugrp\lerobot_robot_piper_full_code_2026-07-13\records\whiteboard_augmenter\records_0727_0813_assets_work\final_assets\final_asset_manifest.csv,original_clean
rectangle/012_erase_the_rectangle_0727-122053.png,rectangle,559,119.5,108,89,487,57,C:\Users\user\vscode\1ugrp\lerobot_robot_piper_full_code_2026-07-13\records\whiteboard_augmenter\records_0727_0813_assets_work\final_assets\final_asset_manifest.csv,original_clean
rectangle/014_erase_the_rectangle_0727-122516.png,rectangle,549,115,112,110,475,42,C:\Users\user\vscode\1ugrp\lerobot_robot_piper_full_code_2026-07-13\records\whiteboard_augmenter\records_0727_0813_assets_work\final_assets\final_asset_manifest.csv,original_clean
rectangle/015_erase_the_rectangle_0727-125938.png,rectangle,549,114.5,128,125,467,34,C:\Users\user\vscode\1ugrp\lerobot_robot_piper_full_code_2026-07-13\records\whiteboard_augmenter\records_0727_0813_assets_work\final_assets\final_asset_manifest.csv,original_clean
rectangle/016_erase_the_rectangle_0727-130104.png,rectangle,402,117,120,116,324,41,C:\Users\user\vscode\1ugrp\lerobot_robot_piper_full_code_2026-07-13\records\whiteboard_augmenter\records_0727_0813_assets_work\final_assets\final_asset_manifest.csv,original_clean
rectangle/017_erase_the_rectangle_0727-130220.png,rectangle,400,117.5,128,105,318,47,C:\Users\user\vscode\1ugrp\lerobot_robot_piper_full_code_2026-07-13\records\whiteboard_augmenter\records_0727_0813_assets_work\final_assets\final_asset_manifest.csv,original_clean
rectangle/018_erase_the_rectangle_0727-130339.png,rectangle,417.5,108,139,124,330,28,C:\Users\user\vscode\1ugrp\lerobot_robot_piper_full_code_2026-07-13\records\whiteboard_augmenter\records_0727_0813_assets_work\final_assets\final_asset_manifest.csv,original_clean
rectangle/019_erase_the_rectangle_0727-130455.png,rectangle,419.5,108,133,120,335,30,C:\Users\user\vscode\1ugrp\lerobot_robot_piper_full_code_2026-07-13\records\whiteboard_augmenter\records_0727_0813_assets_work\final_assets\final_asset_manifest.csv,original_clean
rectangle/020_erase_the_rectangle_0727-130630.png,rectangle,410,98.5,132,127,326,17,C:\Users\user\vscode\1ugrp\lerobot_robot_piper_full_code_2026-07-13\records\whiteboard_augmenter\records_0727_0813_assets_work\final_assets\final_asset_manifest.csv,original_clean
rectangle/021_erase_the_rectangle_0804-180439.png,rectangle,435.5,108.5,117,115,359,33,C:\Users\user\vscode\1ugrp\lerobot_robot_piper_full_code_2026-07-13\records\whiteboard_augmenter\records_0727_0813_assets_work\final_assets\final_asset_manifest.csv,original_clean
rectangle/022_erase_the_rectangle_0804-180555.png,rectangle,439.5,476,115,114,364,401,C:\Users\user\vscode\1ugrp\lerobot_robot_piper_full_code_2026-07-13\records\whiteboard_augmenter\records_0727_0813_assets_work\final_assets\final_asset_manifest.csv,original_clean
rectangle/023_erase_the_rectangle_0804-180705.png,rectangle,316.5,139.5,109,113,244,65,C:\Users\user\vscode\1ugrp\lerobot_robot_piper_full_code_2026-07-13\records\whiteboard_augmenter\records_0727_0813_assets_work\final_assets\final_asset_manifest.csv,original_clean
rectangle/024_erase_the_rectangle_0804-180817.png,rectangle,319.5,467,121,118,241,390,C:\Users\user\vscode\1ugrp\lerobot_robot_piper_full_code_2026-07-13\records\whiteboard_augmenter\records_0727_0813_assets_work\final_assets\final_asset_manifest.csv,original_clean
rectangle/025_erase_the_rectangle_0804-180929.png,rectangle,583,129.5,116,127,507,48,C:\Users\user\vscode\1ugrp\lerobot_robot_piper_full_code_2026-07-13\records\whiteboard_augmenter\records_0727_0813_assets_work\final_assets\final_asset_manifest.csv,original_clean
rectangle/026_erase_the_rectangle_0804-181039.png,rectangle,563.5,478.5,119,121,486,400,C:\Users\user\vscode\1ugrp\lerobot_robot_piper_full_code_2026-07-13\records\whiteboard_augmenter\records_0727_0813_assets_work\final_assets\final_asset_manifest.csv,original_clean
rectangle/027_erase_the_rectangle_0804-181153.png,rectangle,425,91.5,120,127,347,10,C:\Users\user\vscode\1ugrp\lerobot_robot_piper_full_code_2026-07-13\records\whiteboard_augmenter\records_0727_0813_assets_work\final_assets\final_asset_manifest.csv,original_clean
rectangle/028_erase_the_rectangle_0804-181404.png,rectangle,313,475,116,116,237,399,C:\Users\user\vscode\1ugrp\lerobot_robot_piper_full_code_2026-07-13\records\whiteboard_augmenter\records_0727_0813_assets_work\final_assets\final_asset_manifest.csv,original_clean
rectangle/029_erase_the_rectangle_0804-181522.png,rectangle,301,144.5,118,127,224,63,C:\Users\user\vscode\1ugrp\lerobot_robot_piper_full_code_2026-07-13\records\whiteboard_augmenter\records_0727_0813_assets_work\final_assets\final_asset_manifest.csv,original_clean
rectangle/030_erase_the_rectangle_0804-181742.png,rectangle,501,123.5,94,109,436,51,C:\Users\user\vscode\1ugrp\lerobot_robot_piper_full_code_2026-07-13\records\whiteboard_augmenter\records_0727_0813_assets_work\final_assets\final_asset_manifest.csv,original_clean
rectangle/031_erase_the_rectangle_0804-181848.png,rectangle,444.5,518.5,111,101,371,450,C:\Users\user\vscode\1ugrp\lerobot_robot_piper_full_code_2026-07-13\records\whiteboard_augmenter\records_0727_0813_assets_work\final_assets\final_asset_manifest.csv,original_clean
rectangle/032_erase_the_rectangle_0804-181955.png,rectangle,422.5,103.5,115,115,347,28,C:\Users\user\vscode\1ugrp\lerobot_robot_piper_full_code_2026-07-13\records\whiteboard_augmenter\records_0727_0813_assets_work\final_assets\final_asset_manifest.csv,original_clean
rectangle/033_erase_the_rectangle_0804-182109.png,rectangle,350,121.5,116,121,274,43,C:\Users\user\vscode\1ugrp\lerobot_robot_piper_full_code_2026-07-13\records\whiteboard_augmenter\records_0727_0813_assets_work\final_assets\final_asset_manifest.csv,original_clean
rectangle/034_erase_the_rectangle_0804-182219.png,rectangle,310,463,110,132,237,379,C:\Users\user\vscode\1ugrp\lerobot_robot_piper_full_code_2026-07-13\records\whiteboard_augmenter\records_0727_0813_assets_work\final_assets\final_asset_manifest.csv,original_clean
rectangle/035_erase_the_rectangle_0804-182321.png,rectangle,296.5,117.5,127,137,215,31,C:\Users\user\vscode\1ugrp\lerobot_robot_piper_full_code_2026-07-13\records\whiteboard_augmenter\records_0727_0813_assets_work\final_assets\final_asset_manifest.csv,original_clean
rectangle/036_erase_the_rectangle_0804-182432.png,rectangle,450,481.5,126,137,369,395,C:\Users\user\vscode\1ugrp\lerobot_robot_piper_full_code_2026-07-13\records\whiteboard_augmenter\records_0727_0813_assets_work\final_assets\final_asset_manifest.csv,original_clean
rectangle/037_erase_the_rectangle_0804-182535.png,rectangle,437,145.5,112,109,363,73,C:\Users\user\vscode\1ugrp\lerobot_robot_piper_full_code_2026-07-13\records\whiteboard_augmenter\records_0727_0813_assets_work\final_assets\final_asset_manifest.csv,original_clean
rectangle/038_erase_the_rectangle_0804-182742.png,rectangle,546.5,118.5,103,107,477,47,C:\Users\user\vscode\1ugrp\lerobot_robot_piper_full_code_2026-07-13\records\whiteboard_augmenter\records_0727_0813_assets_work\final_assets\final_asset_manifest.csv,original_clean
rectangle/039_erase_the_rectangle_0804-182849.png,rectangle,321,458.5,112,113,247,384,C:\Users\user\vscode\1ugrp\lerobot_robot_piper_full_code_2026-07-13\records\whiteboard_augmenter\records_0727_0813_assets_work\final_assets\final_asset_manifest.csv,original_clean
rectangle/040_erase_the_rectangle_0804-182952.png,rectangle,303,145,116,132,227,61,C:\Users\user\vscode\1ugrp\lerobot_robot_piper_full_code_2026-07-13\records\whiteboard_augmenter\records_0727_0813_assets_work\final_assets\final_asset_manifest.csv,original_clean
rectangle/041_erase_the_rectangle_0804-183207.png,rectangle,452.5,473,123,94,373,408,C:\Users\user\vscode\1ugrp\lerobot_robot_piper_full_code_2026-07-13\records\whiteboard_augmenter\records_0727_0813_assets_work\final_assets\final_asset_manifest.csv,original_clean
rectangle/042_erase_the_rectangle_0804-183421.png,rectangle,528.5,461.5,117,127,452,380,C:\Users\user\vscode\1ugrp\lerobot_robot_piper_full_code_2026-07-13\records\whiteboard_augmenter\records_0727_0813_assets_work\final_assets\final_asset_manifest.csv,original_clean
rectangle/043_erase_the_rectangle_0804-183535.png,rectangle,533,132.5,146,135,442,47,C:\Users\user\vscode\1ugrp\lerobot_robot_piper_full_code_2026-07-13\records\whiteboard_augmenter\records_0727_0813_assets_work\final_assets\final_asset_manifest.csv,original_clean
rectangle/045_erase_the_rectangle_0804-183848.png,rectangle,311,144.5,118,137,234,58,C:\Users\user\vscode\1ugrp\lerobot_robot_piper_full_code_2026-07-13\records\whiteboard_augmenter\records_0727_0813_assets_work\final_assets\final_asset_manifest.csv,original_clean
rectangle/047_erase_the_rectangle_0811-195837.png,rectangle,512,138.5,90,109,449,66,C:\Users\user\vscode\1ugrp\lerobot_robot_piper_full_code_2026-07-13\records\whiteboard_augmenter\records_0727_0813_assets_work\final_assets\final_asset_manifest.csv,original_clean
rectangle/048_erase_the_rectangle_0811-195957.png,rectangle,338.5,127.5,103,105,269,57,C:\Users\user\vscode\1ugrp\lerobot_robot_piper_full_code_2026-07-13\records\whiteboard_augmenter\records_0727_0813_assets_work\final_assets\final_asset_manifest.csv,original_clean
rectangle/049_erase_the_rectangle_0811-200158.png,rectangle,404.5,460,97,102,338,391,C:\Users\user\vscode\1ugrp\lerobot_robot_piper_full_code_2026-07-13\records\whiteboard_augmenter\records_0727_0813_assets_work\final_assets\final_asset_manifest.csv,original_clean
rectangle/051_erase_the_rectangle_0811-200442.png,rectangle,410.5,479.5,121,119,332,402,C:\Users\user\vscode\1ugrp\lerobot_robot_piper_full_code_2026-07-13\records\whiteboard_augmenter\records_0727_0813_assets_work\final_assets\final_asset_manifest.csv,original_clean
rectangle/052_erase_the_rectangle_0811-200557.png,rectangle,574.5,464.5,99,95,507,399,C:\Users\user\vscode\1ugrp\lerobot_robot_piper_full_code_2026-07-13\records\whiteboard_augmenter\records_0727_0813_assets_work\final_assets\final_asset_manifest.csv,original_clean
rectangle/053_erase_the_rectangle_0811-200713.png,rectangle,562,144,96,100,496,76,C:\Users\user\vscode\1ugrp\lerobot_robot_piper_full_code_2026-07-13\records\whiteboard_augmenter\records_0727_0813_assets_work\final_assets\final_asset_manifest.csv,original_clean
rectangle/054_erase_the_rectangle_0811-200827.png,rectangle,360,139.5,104,97,290,73,C:\Users\user\vscode\1ugrp\lerobot_robot_piper_full_code_2026-07-13\records\whiteboard_augmenter\records_0727_0813_assets_work\final_assets\final_asset_manifest.csv,original_clean
rectangle/055_erase_the_rectangle_0811-200954.png,rectangle,368,473.5,98,99,301,406,C:\Users\user\vscode\1ugrp\lerobot_robot_piper_full_code_2026-07-13\records\whiteboard_augmenter\records_0727_0813_assets_work\final_assets\final_asset_manifest.csv,original_clean
rectangle/056_erase_the_rectangle_0811-201149.png,rectangle,559.5,473.5,103,103,490,404,C:\Users\user\vscode\1ugrp\lerobot_robot_piper_full_code_2026-07-13\records\whiteboard_augmenter\records_0727_0813_assets_work\final_assets\final_asset_manifest.csv,original_clean
rectangle/057_erase_the_rectangle_0811-201351.png,rectangle,556,108.5,114,123,481,29,C:\Users\user\vscode\1ugrp\lerobot_robot_piper_full_code_2026-07-13\records\whiteboard_augmenter\records_0727_0813_assets_work\final_assets\final_asset_manifest.csv,original_clean
rectangle/058_erase_the_rectangle_0811-201513.png,rectangle,339.5,126.5,111,99,266,59,C:\Users\user\vscode\1ugrp\lerobot_robot_piper_full_code_2026-07-13\records\whiteboard_augmenter\records_0727_0813_assets_work\final_assets\final_asset_manifest.csv,original_clean
rectangle/059_erase_the_rectangle_0811-201631.png,rectangle,353,478.5,120,119,275,401,C:\Users\user\vscode\1ugrp\lerobot_robot_piper_full_code_2026-07-13\records\whiteboard_augmenter\records_0727_0813_assets_work\final_assets\final_asset_manifest.csv,original_clean
rectangle/060_erase_the_rectangle_0811-201750.png,rectangle,560,473,94,84,495,413,C:\Users\user\vscode\1ugrp\lerobot_robot_piper_full_code_2026-07-13\records\whiteboard_augmenter\records_0727_0813_assets_work\final_assets\final_asset_manifest.csv,original_clean
rectangle/061_erase_the_rectangle_0811-201909.png,rectangle,561.5,123.5,117,115,485,48,C:\Users\user\vscode\1ugrp\lerobot_robot_piper_full_code_2026-07-13\records\whiteboard_augmenter\records_0727_0813_assets_work\final_assets\final_asset_manifest.csv,original_clean
rectangle/062_erase_the_rectangle_0811-202035.png,rectangle,344.5,125,113,106,270,54,C:\Users\user\vscode\1ugrp\lerobot_robot_piper_full_code_2026-07-13\records\whiteboard_augmenter\records_0727_0813_assets_work\final_assets\final_asset_manifest.csv,original_clean
rectangle/063_erase_the_rectangle_0812-134309.png,rectangle,433,473,128,110,351,400,C:\Users\user\vscode\1ugrp\lerobot_robot_piper_full_code_2026-07-13\records\whiteboard_augmenter\records_0727_0813_assets_work\final_assets\final_asset_manifest.csv,original_clean
rectangle/064_erase_the_rectangle_0812-134407.png,rectangle,434.5,465.5,127,123,353,386,C:\Users\user\vscode\1ugrp\lerobot_robot_piper_full_code_2026-07-13\records\whiteboard_augmenter\records_0727_0813_assets_work\final_assets\final_asset_manifest.csv,original_clean
rectangle/065_erase_the_rectangle_0812-134509.png,rectangle,433,480.5,124,111,353,407,C:\Users\user\vscode\1ugrp\lerobot_robot_piper_full_code_2026-07-13\records\whiteboard_augmenter\records_0727_0813_assets_work\final_assets\final_asset_manifest.csv,original_clean
rectangle/066_erase_the_rectangle_0812-134613.png,rectangle,427.5,475.5,137,123,341,396,C:\Users\user\vscode\1ugrp\lerobot_robot_piper_full_code_2026-07-13\records\whiteboard_augmenter\records_0727_0813_assets_work\final_assets\final_asset_manifest.csv,original_clean
rectangle/067_erase_the_rectangle_0812-134714.png,rectangle,435,481.5,126,113,354,407,C:\Users\user\vscode\1ugrp\lerobot_robot_piper_full_code_2026-07-13\records\whiteboard_augmenter\records_0727_0813_assets_work\final_assets\final_asset_manifest.csv,original_clean
rectangle/073_erase_the_rectangle_0812-135347.png,rectangle,564,150,134,120,479,72,C:\Users\user\vscode\1ugrp\lerobot_robot_piper_full_code_2026-07-13\records\whiteboard_augmenter\records_0727_0813_assets_work\final_assets\final_asset_manifest.csv,original_clean
rectangle/074_erase_the_rectangle_0812-135449.png,rectangle,579.5,142.5,135,131,494,59,C:\Users\user\vscode\1ugrp\lerobot_robot_piper_full_code_2026-07-13\records\whiteboard_augmenter\records_0727_0813_assets_work\final_assets\final_asset_manifest.csv,original_clean
rectangle/075_erase_the_rectangle_0812-135911.png,rectangle,567,129,126,122,486,50,C:\Users\user\vscode\1ugrp\lerobot_robot_piper_full_code_2026-07-13\records\whiteboard_augmenter\records_0727_0813_assets_work\final_assets\final_asset_manifest.csv,original_clean
rectangle/076_erase_the_rectangle_0812-140017.png,rectangle,577.5,124,121,118,499,47,C:\Users\user\vscode\1ugrp\lerobot_robot_piper_full_code_2026-07-13\records\whiteboard_augmenter\records_0727_0813_assets_work\final_assets\final_asset_manifest.csv,original_clean
rectangle/078_erase_the_rectangle_0812-140235.png,rectangle,430,117.5,144,117,340,41,C:\Users\user\vscode\1ugrp\lerobot_robot_piper_full_code_2026-07-13\records\whiteboard_augmenter\records_0727_0813_assets_work\final_assets\final_asset_manifest.csv,original_clean
rectangle/079_erase_the_rectangle_0812-140333.png,rectangle,426.5,116,147,126,335,35,C:\Users\user\vscode\1ugrp\lerobot_robot_piper_full_code_2026-07-13\records\whiteboard_augmenter\records_0727_0813_assets_work\final_assets\final_asset_manifest.csv,original_clean
rectangle/080_erase_the_rectangle_0812-140525.png,rectangle,427.5,115,147,120,336,37,C:\Users\user\vscode\1ugrp\lerobot_robot_piper_full_code_2026-07-13\records\whiteboard_augmenter\records_0727_0813_assets_work\final_assets\final_asset_manifest.csv,original_clean
rectangle/081_erase_the_rectangle_0812-140629.png,rectangle,418.5,108.5,139,129,331,26,C:\Users\user\vscode\1ugrp\lerobot_robot_piper_full_code_2026-07-13\records\whiteboard_augmenter\records_0727_0813_assets_work\final_assets\final_asset_manifest.csv,original_clean
rectangle/082_erase_the_rectangle_0812-140734.png,rectangle,420.5,111.5,151,127,327,30,C:\Users\user\vscode\1ugrp\lerobot_robot_piper_full_code_2026-07-13\records\whiteboard_augmenter\records_0727_0813_assets_work\final_assets\final_asset_manifest.csv,original_clean
rectangle/083_erase_the_rectangle_0813-122336.png,rectangle,435,492,136,112,349,418,C:\Users\user\vscode\1ugrp\lerobot_robot_piper_full_code_2026-07-13\records\whiteboard_augmenter\records_0727_0813_assets_work\final_assets\final_asset_manifest.csv,original_clean
rectangle/085_erase_the_rectangle_0813-122623.png,rectangle,583,112,148,148,491,20,C:\Users\user\vscode\1ugrp\lerobot_robot_piper_full_code_2026-07-13\records\whiteboard_augmenter\records_0727_0813_assets_work\final_assets\final_asset_manifest.csv,original_clean
rectangle/086_erase_the_rectangle_0813-122741.png,rectangle,436.5,113,137,136,350,27,C:\Users\user\vscode\1ugrp\lerobot_robot_piper_full_code_2026-07-13\records\whiteboard_augmenter\records_0727_0813_assets_work\final_assets\final_asset_manifest.csv,original_clean
rectangle/087_erase_the_rectangle_0813-182555.png,rectangle,428,134.5,104,113,358,60,C:\Users\user\vscode\1ugrp\lerobot_robot_piper_full_code_2026-07-13\records\whiteboard_augmenter\records_0727_0813_assets_work\final_assets\final_asset_manifest.csv,original_clean
rectangle/088_erase_the_rectangle_0813-182823.png,rectangle,448.5,477,105,106,378,406,C:\Users\user\vscode\1ugrp\lerobot_robot_piper_full_code_2026-07-13\records\whiteboard_augmenter\records_0727_0813_assets_work\final_assets\final_asset_manifest.csv,original_clean
rectangle/089_erase_the_rectangle_0813-183401.png,rectangle,325.5,150,101,106,257,79,C:\Users\user\vscode\1ugrp\lerobot_robot_piper_full_code_2026-07-13\records\whiteboard_augmenter\records_0727_0813_assets_work\final_assets\final_asset_manifest.csv,original_clean
rectangle/090_erase_the_rectangle_0813-183628.png,rectangle,354,479,102,116,285,403,C:\Users\user\vscode\1ugrp\lerobot_robot_piper_full_code_2026-07-13\records\whiteboard_augmenter\records_0727_0813_assets_work\final_assets\final_asset_manifest.csv,original_clean
rectangle/091_erase_the_rectangle_0813-184018.png,rectangle,525,159,86,92,464,95,C:\Users\user\vscode\1ugrp\lerobot_robot_piper_full_code_2026-07-13\records\whiteboard_augmenter\records_0727_0813_assets_work\final_assets\final_asset_manifest.csv,original_clean
rectangle/092_erase_the_rectangle_0813-184121.png,rectangle,506.5,476.5,93,97,442,410,C:\Users\user\vscode\1ugrp\lerobot_robot_piper_full_code_2026-07-13\records\whiteboard_augmenter\records_0727_0813_assets_work\final_assets\final_asset_manifest.csv,original_clean
rectangle/093_erase_the_rectangle_0813-184309.png,rectangle,427,150.5,98,97,360,84,C:\Users\user\vscode\1ugrp\lerobot_robot_piper_full_code_2026-07-13\records\whiteboard_augmenter\records_0727_0813_assets_work\final_assets\final_asset_manifest.csv,original_clean
rectangle/094_erase_the_rectangle_0813-184458.png,rectangle,443.5,467,99,108,376,395,C:\Users\user\vscode\1ugrp\lerobot_robot_piper_full_code_2026-07-13\records\whiteboard_augmenter\records_0727_0813_assets_work\final_assets\final_asset_manifest.csv,original_clean
rectangle/095_erase_the_rectangle_0813-184626.png,rectangle,321.5,170,93,84,257,110,C:\Users\user\vscode\1ugrp\lerobot_robot_piper_full_code_2026-07-13\records\whiteboard_augmenter\records_0727_0813_assets_work\final_assets\final_asset_manifest.csv,original_clean
rectangle/096_erase_the_rectangle_0813-184733.png,rectangle,329.5,476,99,98,262,409,C:\Users\user\vscode\1ugrp\lerobot_robot_piper_full_code_2026-07-13\records\whiteboard_augmenter\records_0727_0813_assets_work\final_assets\final_asset_manifest.csv,original_clean
rectangle/097_erase_the_rectangle_0813-185137.png,rectangle,330.5,454.5,105,113,260,380,C:\Users\user\vscode\1ugrp\lerobot_robot_piper_full_code_2026-07-13\records\whiteboard_augmenter\records_0727_0813_assets_work\final_assets\final_asset_manifest.csv,original_clean
rectangle/098_erase_the_rectangle_0813-185258.png,rectangle,313,158,110,114,240,83,C:\Users\user\vscode\1ugrp\lerobot_robot_piper_full_code_2026-07-13\records\whiteboard_augmenter\records_0727_0813_assets_work\final_assets\final_asset_manifest.csv,original_clean
rectangle/100_erase_the_rectangle_0813-185522.png,rectangle,427,133,108,124,355,53,C:\Users\user\vscode\1ugrp\lerobot_robot_piper_full_code_2026-07-13\records\whiteboard_augmenter\records_0727_0813_assets_work\final_assets\final_asset_manifest.csv,original_clean
rectangle/102_erase_the_rectangle_0813-214244.png,rectangle,451.5,467.5,133,125,367,387,C:\Users\user\vscode\1ugrp\lerobot_robot_piper_full_code_2026-07-13\records\whiteboard_augmenter\records_0727_0813_assets_work\final_assets\final_asset_manifest.csv,original_clean
rectangle/104_erase_the_rectangle_0813-214715.png,rectangle,546,455.5,128,123,464,376,C:\Users\user\vscode\1ugrp\lerobot_robot_piper_full_code_2026-07-13\records\whiteboard_augmenter\records_0727_0813_assets_work\final_assets\final_asset_manifest.csv,original_clean
rectangle/105_erase_the_rectangle_0813-214822.png,rectangle,430.5,139,141,142,342,50,C:\Users\user\vscode\1ugrp\lerobot_robot_piper_full_code_2026-07-13\records\whiteboard_augmenter\records_0727_0813_assets_work\final_assets\final_asset_manifest.csv,original_clean
rectangle/007_erase_the_rectangle_0727-121305.png,rectangle,584.5,449,141,144,496,359,C:\Users\user\vscode\1ugrp\lerobot_robot_piper_full_code_2026-07-13\records\whiteboard_augmenter\records_0727_0813_assets_work\final_assets\final_asset_manifest.csv,recovered_approved
rectangle/009_erase_the_rectangle_0727-121601.png,rectangle,576.5,438.5,139,133,489,354,C:\Users\user\vscode\1ugrp\lerobot_robot_piper_full_code_2026-07-13\records\whiteboard_augmenter\records_0727_0813_assets_work\final_assets\final_asset_manifest.csv,recovered_approved
rectangle/013_erase_the_rectangle_0727-122347.png,rectangle,552,118.5,118,105,475,48,C:\Users\user\vscode\1ugrp\lerobot_robot_piper_full_code_2026-07-13\records\whiteboard_augmenter\records_0727_0813_assets_work\final_assets\final_asset_manifest.csv,recovered_approved
rectangle/044_erase_the_rectangle_0804-183646.png,rectangle,326.5,448.5,111,121,253,370,C:\Users\user\vscode\1ugrp\lerobot_robot_piper_full_code_2026-07-13\records\whiteboard_augmenter\records_0727_0813_assets_work\final_assets\final_asset_manifest.csv,recovered_approved
rectangle/046_erase_the_rectangle_0804-183957.png,rectangle,454,450,130,134,371,365,C:\Users\user\vscode\1ugrp\lerobot_robot_piper_full_code_2026-07-13\records\whiteboard_augmenter\records_0727_0813_assets_work\final_assets\final_asset_manifest.csv,recovered_approved
rectangle/069_erase_the_rectangle_0812-134940.png,rectangle,593.5,462.5,109,91,521,399,C:\Users\user\vscode\1ugrp\lerobot_robot_piper_full_code_2026-07-13\records\whiteboard_augmenter\records_0727_0813_assets_work\final_assets\final_asset_manifest.csv,recovered_approved
rectangle/071_erase_the_rectangle_0812-135142.png,rectangle,582.5,436,99,110,515,363,C:\Users\user\vscode\1ugrp\lerobot_robot_piper_full_code_2026-07-13\records\whiteboard_augmenter\records_0727_0813_assets_work\final_assets\final_asset_manifest.csv,recovered_approved
rectangle/072_erase_the_rectangle_0812-135243.png,rectangle,579.5,454,139,128,492,372,C:\Users\user\vscode\1ugrp\lerobot_robot_piper_full_code_2026-07-13\records\whiteboard_augmenter\records_0727_0813_assets_work\final_assets\final_asset_manifest.csv,recovered_approved
rectangle/077_erase_the_rectangle_0812-140128.png,rectangle,568.5,132.5,149,143,476,43,C:\Users\user\vscode\1ugrp\lerobot_robot_piper_full_code_2026-07-13\records\whiteboard_augmenter\records_0727_0813_assets_work\final_assets\final_asset_manifest.csv,recovered_approved
rectangle/084_erase_the_rectangle_0813-122515.png,rectangle,616.5,482,143,128,527,400,C:\Users\user\vscode\1ugrp\lerobot_robot_piper_full_code_2026-07-13\records\whiteboard_augmenter\records_0727_0813_assets_work\final_assets\final_asset_manifest.csv,recovered_approved
rectangle/099_erase_the_rectangle_0813-185409.png,rectangle,443.5,454.5,115,119,368,377,C:\Users\user\vscode\1ugrp\lerobot_robot_piper_full_code_2026-07-13\records\whiteboard_augmenter\records_0727_0813_assets_work\final_assets\final_asset_manifest.csv,recovered_approved
rectangle/101_erase_the_rectangle_0813-185632.png,rectangle,540.5,446,119,112,463,372,C:\Users\user\vscode\1ugrp\lerobot_robot_piper_full_code_2026-07-13\records\whiteboard_augmenter\records_0727_0813_assets_work\final_assets\final_asset_manifest.csv,recovered_approved
rectangle/103_erase_the_rectangle_0813-214351.png,rectangle,552.5,458.5,139,129,465,376,C:\Users\user\vscode\1ugrp\lerobot_robot_piper_full_code_2026-07-13\records\whiteboard_augmenter\records_0727_0813_assets_work\final_assets\final_asset_manifest.csv,recovered_approved
triangle/001_erase_the_triangle_0727-113015.png,triangle,373,523,72,104,319,453,C:\Users\user\vscode\1ugrp\lerobot_robot_piper_full_code_2026-07-13\records\whiteboard_augmenter\records_0727_0813_assets_work\final_assets\final_asset_manifest.csv,original_clean
triangle/002_erase_the_triangle_0727-113147.png,triangle,370.5,523.5,95,119,305,446,C:\Users\user\vscode\1ugrp\lerobot_robot_piper_full_code_2026-07-13\records\whiteboard_augmenter\records_0727_0813_assets_work\final_assets\final_asset_manifest.csv,original_clean
triangle/003_erase_the_triangle_0727-113311.png,triangle,363,523,106,142,292,434,C:\Users\user\vscode\1ugrp\lerobot_robot_piper_full_code_2026-07-13\records\whiteboard_augmenter\records_0727_0813_assets_work\final_assets\final_asset_manifest.csv,original_clean
triangle/004_erase_the_triangle_0727-113437.png,triangle,358,529.5,110,125,285,449,C:\Users\user\vscode\1ugrp\lerobot_robot_piper_full_code_2026-07-13\records\whiteboard_augmenter\records_0727_0813_assets_work\final_assets\final_asset_manifest.csv,original_clean
triangle/005_erase_the_triangle_0727-113600.png,triangle,374,539.5,108,129,302,457,C:\Users\user\vscode\1ugrp\lerobot_robot_piper_full_code_2026-07-13\records\whiteboard_augmenter\records_0727_0813_assets_work\final_assets\final_asset_manifest.csv,original_clean
triangle/006_erase_the_triangle_0727-113710.png,triangle,583.5,499.5,103,141,514,411,C:\Users\user\vscode\1ugrp\lerobot_robot_piper_full_code_2026-07-13\records\whiteboard_augmenter\records_0727_0813_assets_work\final_assets\final_asset_manifest.csv,original_clean
triangle/007_erase_the_triangle_0727-113836.png,triangle,566.5,488.5,95,131,501,405,C:\Users\user\vscode\1ugrp\lerobot_robot_piper_full_code_2026-07-13\records\whiteboard_augmenter\records_0727_0813_assets_work\final_assets\final_asset_manifest.csv,original_clean
triangle/010_erase_the_triangle_0727-114335.png,triangle,585,487.5,126,121,504,409,C:\Users\user\vscode\1ugrp\lerobot_robot_piper_full_code_2026-07-13\records\whiteboard_augmenter\records_0727_0813_assets_work\final_assets\final_asset_manifest.csv,original_clean
triangle/011_erase_the_triangle_0727-114515.png,triangle,557.5,95,109,162,485,0,C:\Users\user\vscode\1ugrp\lerobot_robot_piper_full_code_2026-07-13\records\whiteboard_augmenter\records_0727_0813_assets_work\final_assets\final_asset_manifest.csv,original_clean
triangle/012_erase_the_triangle_0727-114643.png,triangle,561.5,83,89,124,499,3,C:\Users\user\vscode\1ugrp\lerobot_robot_piper_full_code_2026-07-13\records\whiteboard_augmenter\records_0727_0813_assets_work\final_assets\final_asset_manifest.csv,original_clean
triangle/013_erase_the_triangle_0727-114759.png,triangle,563,72,94,132,498,0,C:\Users\user\vscode\1ugrp\lerobot_robot_piper_full_code_2026-07-13\records\whiteboard_augmenter\records_0727_0813_assets_work\final_assets\final_asset_manifest.csv,original_clean
triangle/014_erase_the_triangle_0727-115143.png,triangle,551,158.5,92,127,487,77,C:\Users\user\vscode\1ugrp\lerobot_robot_piper_full_code_2026-07-13\records\whiteboard_augmenter\records_0727_0813_assets_work\final_assets\final_asset_manifest.csv,original_clean
triangle/015_erase_the_triangle_0727-115349.png,triangle,542.5,160.5,99,125,475,80,C:\Users\user\vscode\1ugrp\lerobot_robot_piper_full_code_2026-07-13\records\whiteboard_augmenter\records_0727_0813_assets_work\final_assets\final_asset_manifest.csv,original_clean
triangle/016_erase_the_triangle_0727-115509.png,triangle,396.5,156,107,144,325,66,C:\Users\user\vscode\1ugrp\lerobot_robot_piper_full_code_2026-07-13\records\whiteboard_augmenter\records_0727_0813_assets_work\final_assets\final_asset_manifest.csv,original_clean
triangle/018_erase_the_triangle_0727-115747.png,triangle,402,117.5,104,145,332,27,C:\Users\user\vscode\1ugrp\lerobot_robot_piper_full_code_2026-07-13\records\whiteboard_augmenter\records_0727_0813_assets_work\final_assets\final_asset_manifest.csv,original_clean
triangle/019_erase_the_triangle_0727-115901.png,triangle,406.5,129.5,105,129,336,47,C:\Users\user\vscode\1ugrp\lerobot_robot_piper_full_code_2026-07-13\records\whiteboard_augmenter\records_0727_0813_assets_work\final_assets\final_asset_manifest.csv,original_clean
triangle/020_erase_the_triangle_0727-120025.png,triangle,420,136,110,130,347,53,C:\Users\user\vscode\1ugrp\lerobot_robot_piper_full_code_2026-07-13\records\whiteboard_augmenter\records_0727_0813_assets_work\final_assets\final_asset_manifest.csv,original_clean
triangle/021_erase_the_triangle_0802-140242.png,triangle,439,472.5,92,113,375,398,C:\Users\user\vscode\1ugrp\lerobot_robot_piper_full_code_2026-07-13\records\whiteboard_augmenter\records_0727_0813_assets_work\final_assets\final_asset_manifest.csv,original_clean
triangle/022_erase_the_triangle_0802-140354.png,triangle,422.5,121.5,91,125,359,41,C:\Users\user\vscode\1ugrp\lerobot_robot_piper_full_code_2026-07-13\records\whiteboard_augmenter\records_0727_0813_assets_work\final_assets\final_asset_manifest.csv,original_clean
triangle/023_erase_the_triangle_0802-140502.png,triangle,334.5,460.5,87,107,273,389,C:\Users\user\vscode\1ugrp\lerobot_robot_piper_full_code_2026-07-13\records\whiteboard_augmenter\records_0727_0813_assets_work\final_assets\final_asset_manifest.csv,original_clean
triangle/024_erase_the_triangle_0802-140614.png,triangle,313,136.5,100,113,245,62,C:\Users\user\vscode\1ugrp\lerobot_robot_piper_full_code_2026-07-13\records\whiteboard_augmenter\records_0727_0813_assets_work\final_assets\final_asset_manifest.csv,original_clean
triangle/025_erase_the_triangle_0802-140722.png,triangle,548,464,94,124,483,384,C:\Users\user\vscode\1ugrp\lerobot_robot_piper_full_code_2026-07-13\records\whiteboard_augmenter\records_0727_0813_assets_work\final_assets\final_asset_manifest.csv,original_clean
triangle/026_erase_the_triangle_0802-140827.png,triangle,510,132.5,90,105,447,62,C:\Users\user\vscode\1ugrp\lerobot_robot_piper_full_code_2026-07-13\records\whiteboard_augmenter\records_0727_0813_assets_work\final_assets\final_asset_manifest.csv,original_clean
triangle/027_erase_the_triangle_0802-140935.png,triangle,448,498.5,108,115,376,423,C:\Users\user\vscode\1ugrp\lerobot_robot_piper_full_code_2026-07-13\records\whiteboard_augmenter\records_0727_0813_assets_work\final_assets\final_asset_manifest.csv,original_clean
triangle/028_erase_the_triangle_0802-141044.png,triangle,427,134.5,100,117,359,58,C:\Users\user\vscode\1ugrp\lerobot_robot_piper_full_code_2026-07-13\records\whiteboard_augmenter\records_0727_0813_assets_work\final_assets\final_asset_manifest.csv,original_clean
triangle/029_erase_the_triangle_0802-141851.png,triangle,320.5,472.5,105,129,250,390,C:\Users\user\vscode\1ugrp\lerobot_robot_piper_full_code_2026-07-13\records\whiteboard_augmenter\records_0727_0813_assets_work\final_assets\final_asset_manifest.csv,original_clean
triangle/030_erase_the_triangle_0802-142006.png,triangle,308,158.5,100,127,240,77,C:\Users\user\vscode\1ugrp\lerobot_robot_piper_full_code_2026-07-13\records\whiteboard_augmenter\records_0727_0813_assets_work\final_assets\final_asset_manifest.csv,original_clean
triangle/031_erase_the_triangle_0802-142116.png,triangle,534.5,476.5,93,121,470,398,C:\Users\user\vscode\1ugrp\lerobot_robot_piper_full_code_2026-07-13\records\whiteboard_augmenter\records_0727_0813_assets_work\final_assets\final_asset_manifest.csv,original_clean
triangle/032_erase_the_triangle_0802-142225.png,triangle,524,142.5,96,111,458,69,C:\Users\user\vscode\1ugrp\lerobot_robot_piper_full_code_2026-07-13\records\whiteboard_augmenter\records_0727_0813_assets_work\final_assets\final_asset_manifest.csv,original_clean
triangle/033_erase_the_triangle_0802-142338.png,triangle,429.5,468,103,118,360,391,C:\Users\user\vscode\1ugrp\lerobot_robot_piper_full_code_2026-07-13\records\whiteboard_augmenter\records_0727_0813_assets_work\final_assets\final_asset_manifest.csv,original_clean
triangle/034_erase_the_triangle_0802-142550.png,triangle,402.5,135,85,114,342,60,C:\Users\user\vscode\1ugrp\lerobot_robot_piper_full_code_2026-07-13\records\whiteboard_augmenter\records_0727_0813_assets_work\final_assets\final_asset_manifest.csv,original_clean
triangle/035_erase_the_triangle_0802-142707.png,triangle,321,468,90,106,258,397,C:\Users\user\vscode\1ugrp\lerobot_robot_piper_full_code_2026-07-13\records\whiteboard_augmenter\records_0727_0813_assets_work\final_assets\final_asset_manifest.csv,original_clean
triangle/036_erase_the_triangle_0802-142815.png,triangle,302.5,155.5,97,117,236,79,C:\Users\user\vscode\1ugrp\lerobot_robot_piper_full_code_2026-07-13\records\whiteboard_augmenter\records_0727_0813_assets_work\final_assets\final_asset_manifest.csv,original_clean
triangle/037_erase_the_triangle_0802-143049.png,triangle,545.5,492.5,93,107,481,421,C:\Users\user\vscode\1ugrp\lerobot_robot_piper_full_code_2026-07-13\records\whiteboard_augmenter\records_0727_0813_assets_work\final_assets\final_asset_manifest.csv,original_clean
triangle/038_erase_the_triangle_0802-143457.png,triangle,418.5,449.5,95,109,353,377,C:\Users\user\vscode\1ugrp\lerobot_robot_piper_full_code_2026-07-13\records\whiteboard_augmenter\records_0727_0813_assets_work\final_assets\final_asset_manifest.csv,original_clean
triangle/039_erase_the_triangle_0802-143602.png,triangle,411,145.5,96,105,345,75,C:\Users\user\vscode\1ugrp\lerobot_robot_piper_full_code_2026-07-13\records\whiteboard_augmenter\records_0727_0813_assets_work\final_assets\final_asset_manifest.csv,original_clean
triangle/040_erase_the_triangle_0802-143708.png,triangle,335,470,102,106,266,399,C:\Users\user\vscode\1ugrp\lerobot_robot_piper_full_code_2026-07-13\records\whiteboard_augmenter\records_0727_0813_assets_work\final_assets\final_asset_manifest.csv,original_clean
triangle/041_erase_the_triangle_0802-143815.png,triangle,296,146,88,116,234,70,C:\Users\user\vscode\1ugrp\lerobot_robot_piper_full_code_2026-07-13\records\whiteboard_augmenter\records_0727_0813_assets_work\final_assets\final_asset_manifest.csv,original_clean
triangle/043_erase_the_triangle_0802-144141.png,triangle,523.5,141,95,122,458,62,C:\Users\user\vscode\1ugrp\lerobot_robot_piper_full_code_2026-07-13\records\whiteboard_augmenter\records_0727_0813_assets_work\final_assets\final_asset_manifest.csv,original_clean
triangle/044_erase_the_triangle_0802-144300.png,triangle,435,458,114,114,360,383,C:\Users\user\vscode\1ugrp\lerobot_robot_piper_full_code_2026-07-13\records\whiteboard_augmenter\records_0727_0813_assets_work\final_assets\final_asset_manifest.csv,original_clean
triangle/045_erase_the_triangle_0802-144407.png,triangle,429.5,88,105,122,359,9,C:\Users\user\vscode\1ugrp\lerobot_robot_piper_full_code_2026-07-13\records\whiteboard_augmenter\records_0727_0813_assets_work\final_assets\final_asset_manifest.csv,original_clean
triangle/046_erase_the_triangle_0802-144514.png,triangle,296.5,416.5,97,115,230,341,C:\Users\user\vscode\1ugrp\lerobot_robot_piper_full_code_2026-07-13\records\whiteboard_augmenter\records_0727_0813_assets_work\final_assets\final_asset_manifest.csv,original_clean
triangle/048_erase_the_triangle_0802-144740.png,triangle,556.5,456.5,105,129,486,374,C:\Users\user\vscode\1ugrp\lerobot_robot_piper_full_code_2026-07-13\records\whiteboard_augmenter\records_0727_0813_assets_work\final_assets\final_asset_manifest.csv,original_clean
triangle/049_erase_the_triangle_0802-144858.png,triangle,573.5,157,97,128,507,75,C:\Users\user\vscode\1ugrp\lerobot_robot_piper_full_code_2026-07-13\records\whiteboard_augmenter\records_0727_0813_assets_work\final_assets\final_asset_manifest.csv,original_clean
triangle/050_erase_the_triangle_0805-181350.png,triangle,356.5,486,137,152,270,392,C:\Users\user\vscode\1ugrp\lerobot_robot_piper_full_code_2026-07-13\records\whiteboard_augmenter\records_0727_0813_assets_work\final_assets\final_asset_manifest.csv,original_clean
triangle/051_erase_the_triangle_0805-181507.png,triangle,319,134,118,140,242,46,C:\Users\user\vscode\1ugrp\lerobot_robot_piper_full_code_2026-07-13\records\whiteboard_augmenter\records_0727_0813_assets_work\final_assets\final_asset_manifest.csv,original_clean
triangle/052_erase_the_triangle_0805-181611.png,triangle,447.5,462.5,121,127,369,381,C:\Users\user\vscode\1ugrp\lerobot_robot_piper_full_code_2026-07-13\records\whiteboard_augmenter\records_0727_0813_assets_work\final_assets\final_asset_manifest.csv,original_clean
triangle/053_erase_the_triangle_0805-181720.png,triangle,442.5,119.5,137,145,356,29,C:\Users\user\vscode\1ugrp\lerobot_robot_piper_full_code_2026-07-13\records\whiteboard_augmenter\records_0727_0813_assets_work\final_assets\final_asset_manifest.csv,original_clean
triangle/054_erase_the_triangle_0805-181826.png,triangle,518,460,92,122,454,381,C:\Users\user\vscode\1ugrp\lerobot_robot_piper_full_code_2026-07-13\records\whiteboard_augmenter\records_0727_0813_assets_work\final_assets\final_asset_manifest.csv,original_clean
triangle/055_erase_the_triangle_0805-181925.png,triangle,506.5,130,101,124,438,50,C:\Users\user\vscode\1ugrp\lerobot_robot_piper_full_code_2026-07-13\records\whiteboard_augmenter\records_0727_0813_assets_work\final_assets\final_asset_manifest.csv,original_clean
triangle/056_erase_the_triangle_0805-182031.png,triangle,350.5,479.5,117,131,274,396,C:\Users\user\vscode\1ugrp\lerobot_robot_piper_full_code_2026-07-13\records\whiteboard_augmenter\records_0727_0813_assets_work\final_assets\final_asset_manifest.csv,original_clean
triangle/057_erase_the_triangle_0805-182226.png,triangle,316,156,116,144,240,66,C:\Users\user\vscode\1ugrp\lerobot_robot_piper_full_code_2026-07-13\records\whiteboard_augmenter\records_0727_0813_assets_work\final_assets\final_asset_manifest.csv,original_clean
triangle/058_erase_the_triangle_0805-182327.png,triangle,441.5,485,119,134,364,400,C:\Users\user\vscode\1ugrp\lerobot_robot_piper_full_code_2026-07-13\records\whiteboard_augmenter\records_0727_0813_assets_work\final_assets\final_asset_manifest.csv,original_clean
triangle/059_erase_the_triangle_0805-182433.png,triangle,424.5,101.5,127,145,343,11,C:\Users\user\vscode\1ugrp\lerobot_robot_piper_full_code_2026-07-13\records\whiteboard_augmenter\records_0727_0813_assets_work\final_assets\final_asset_manifest.csv,original_clean
triangle/060_erase_the_triangle_0805-182811.png,triangle,531.5,102,135,174,446,0,C:\Users\user\vscode\1ugrp\lerobot_robot_piper_full_code_2026-07-13\records\whiteboard_augmenter\records_0727_0813_assets_work\final_assets\final_asset_manifest.csv,original_clean
triangle/061_erase_the_triangle_0805-182918.png,triangle,320,491,126,138,239,404,C:\Users\user\vscode\1ugrp\lerobot_robot_piper_full_code_2026-07-13\records\whiteboard_augmenter\records_0727_0813_assets_work\final_assets\final_asset_manifest.csv,original_clean
triangle/062_erase_the_triangle_0805-183021.png,triangle,315.5,134.5,139,155,228,39,C:\Users\user\vscode\1ugrp\lerobot_robot_piper_full_code_2026-07-13\records\whiteboard_augmenter\records_0727_0813_assets_work\final_assets\final_asset_manifest.csv,original_clean
triangle/064_erase_the_triangle_0811-202529.png,triangle,320.5,124,99,138,253,37,C:\Users\user\vscode\1ugrp\lerobot_robot_piper_full_code_2026-07-13\records\whiteboard_augmenter\records_0727_0813_assets_work\final_assets\final_asset_manifest.csv,original_clean
triangle/065_erase_the_triangle_0811-202700.png,triangle,336.5,510,99,126,269,429,C:\Users\user\vscode\1ugrp\lerobot_robot_piper_full_code_2026-07-13\records\whiteboard_augmenter\records_0727_0813_assets_work\final_assets\final_asset_manifest.csv,original_clean
triangle/066_erase_the_triangle_0811-202925.png,triangle,601.5,562,111,146,528,471,C:\Users\user\vscode\1ugrp\lerobot_robot_piper_full_code_2026-07-13\records\whiteboard_augmenter\records_0727_0813_assets_work\final_assets\final_asset_manifest.csv,original_clean
triangle/067_erase_the_triangle_0811-203202.png,triangle,596.5,108.5,105,149,526,16,C:\Users\user\vscode\1ugrp\lerobot_robot_piper_full_code_2026-07-13\records\whiteboard_augmenter\records_0727_0813_assets_work\final_assets\final_asset_manifest.csv,original_clean
triangle/068_erase_the_triangle_0811-203405.png,triangle,331.5,87,105,144,261,0,C:\Users\user\vscode\1ugrp\lerobot_robot_piper_full_code_2026-07-13\records\whiteboard_augmenter\records_0727_0813_assets_work\final_assets\final_asset_manifest.csv,original_clean
triangle/069_erase_the_triangle_0811-203528.png,triangle,356,571.5,94,143,291,482,C:\Users\user\vscode\1ugrp\lerobot_robot_piper_full_code_2026-07-13\records\whiteboard_augmenter\records_0727_0813_assets_work\final_assets\final_asset_manifest.csv,original_clean
triangle/070_erase_the_triangle_0811-203709.png,triangle,605,566.5,114,155,530,471,C:\Users\user\vscode\1ugrp\lerobot_robot_piper_full_code_2026-07-13\records\whiteboard_augmenter\records_0727_0813_assets_work\final_assets\final_asset_manifest.csv,original_clean
triangle/071_erase_the_triangle_0811-203823.png,triangle,596.5,101,99,146,529,10,C:\Users\user\vscode\1ugrp\lerobot_robot_piper_full_code_2026-07-13\records\whiteboard_augmenter\records_0727_0813_assets_work\final_assets\final_asset_manifest.csv,original_clean
triangle/072_erase_the_triangle_0811-203934.png,triangle,344.5,76.5,117,153,268,0,C:\Users\user\vscode\1ugrp\lerobot_robot_piper_full_code_2026-07-13\records\whiteboard_augmenter\records_0727_0813_assets_work\final_assets\final_asset_manifest.csv,original_clean
triangle/073_erase_the_triangle_0811-204101.png,triangle,337,576.5,100,139,269,489,C:\Users\user\vscode\1ugrp\lerobot_robot_piper_full_code_2026-07-13\records\whiteboard_augmenter\records_0727_0813_assets_work\final_assets\final_asset_manifest.csv,original_clean
triangle/074_erase_the_triangle_0811-204219.png,triangle,594,585,106,136,523,499,C:\Users\user\vscode\1ugrp\lerobot_robot_piper_full_code_2026-07-13\records\whiteboard_augmenter\records_0727_0813_assets_work\final_assets\final_asset_manifest.csv,original_clean
triangle/075_erase_the_triangle_0811-204351.png,triangle,557,81.5,112,155,483,0,C:\Users\user\vscode\1ugrp\lerobot_robot_piper_full_code_2026-07-13\records\whiteboard_augmenter\records_0727_0813_assets_work\final_assets\final_asset_manifest.csv,original_clean
triangle/076_erase_the_triangle_0811-204807.png,triangle,332,114,124,144,252,24,C:\Users\user\vscode\1ugrp\lerobot_robot_piper_full_code_2026-07-13\records\whiteboard_augmenter\records_0727_0813_assets_work\final_assets\final_asset_manifest.csv,original_clean
triangle/077_erase_the_triangle_0811-204916.png,triangle,350.5,564.5,121,163,272,465,C:\Users\user\vscode\1ugrp\lerobot_robot_piper_full_code_2026-07-13\records\whiteboard_augmenter\records_0727_0813_assets_work\final_assets\final_asset_manifest.csv,original_clean
triangle/078_erase_the_triangle_0811-205231.png,triangle,593.5,574.5,97,131,527,491,C:\Users\user\vscode\1ugrp\lerobot_robot_piper_full_code_2026-07-13\records\whiteboard_augmenter\records_0727_0813_assets_work\final_assets\final_asset_manifest.csv,original_clean
triangle/079_erase_the_triangle_0811-205711.png,triangle,549,102.5,138,169,462,0,C:\Users\user\vscode\1ugrp\lerobot_robot_piper_full_code_2026-07-13\records\whiteboard_augmenter\records_0727_0813_assets_work\final_assets\final_asset_manifest.csv,original_clean
triangle/080_erase_the_triangle_0812-140840.png,triangle,424.5,481.5,129,127,342,400,C:\Users\user\vscode\1ugrp\lerobot_robot_piper_full_code_2026-07-13\records\whiteboard_augmenter\records_0727_0813_assets_work\final_assets\final_asset_manifest.csv,original_clean
triangle/081_erase_the_triangle_0812-140937.png,triangle,426.5,473,109,120,354,395,C:\Users\user\vscode\1ugrp\lerobot_robot_piper_full_code_2026-07-13\records\whiteboard_augmenter\records_0727_0813_assets_work\final_assets\final_asset_manifest.csv,original_clean
triangle/082_erase_the_triangle_0812-141041.png,triangle,413.5,480,111,114,340,405,C:\Users\user\vscode\1ugrp\lerobot_robot_piper_full_code_2026-07-13\records\whiteboard_augmenter\records_0727_0813_assets_work\final_assets\final_asset_manifest.csv,original_clean
triangle/083_erase_the_triangle_0812-141140.png,triangle,420,471.5,106,121,349,393,C:\Users\user\vscode\1ugrp\lerobot_robot_piper_full_code_2026-07-13\records\whiteboard_augmenter\records_0727_0813_assets_work\final_assets\final_asset_manifest.csv,original_clean
triangle/084_erase_the_triangle_0812-141238.png,triangle,423,482,118,124,346,402,C:\Users\user\vscode\1ugrp\lerobot_robot_piper_full_code_2026-07-13\records\whiteboard_augmenter\records_0727_0813_assets_work\final_assets\final_asset_manifest.csv,original_clean
triangle/090_erase_the_triangle_0812-141949.png,triangle,577.5,147,131,154,494,52,C:\Users\user\vscode\1ugrp\lerobot_robot_piper_full_code_2026-07-13\records\whiteboard_augmenter\records_0727_0813_assets_work\final_assets\final_asset_manifest.csv,original_clean
triangle/091_erase_the_triangle_0812-142152.png,triangle,547.5,150.5,129,131,465,67,C:\Users\user\vscode\1ugrp\lerobot_robot_piper_full_code_2026-07-13\records\whiteboard_augmenter\records_0727_0813_assets_work\final_assets\final_asset_manifest.csv,original_clean
triangle/092_erase_the_triangle_0812-142437.png,triangle,543,154,122,128,464,72,C:\Users\user\vscode\1ugrp\lerobot_robot_piper_full_code_2026-07-13\records\whiteboard_augmenter\records_0727_0813_assets_work\final_assets\final_asset_manifest.csv,original_clean
triangle/093_erase_the_triangle_0812-142543.png,triangle,536,155.5,120,133,458,71,C:\Users\user\vscode\1ugrp\lerobot_robot_piper_full_code_2026-07-13\records\whiteboard_augmenter\records_0727_0813_assets_work\final_assets\final_asset_manifest.csv,original_clean
triangle/094_erase_the_triangle_0812-142639.png,triangle,553.5,134.5,121,133,475,50,C:\Users\user\vscode\1ugrp\lerobot_robot_piper_full_code_2026-07-13\records\whiteboard_augmenter\records_0727_0813_assets_work\final_assets\final_asset_manifest.csv,original_clean
triangle/095_erase_the_triangle_0812-142740.png,triangle,409.5,115,139,170,322,12,C:\Users\user\vscode\1ugrp\lerobot_robot_piper_full_code_2026-07-13\records\whiteboard_augmenter\records_0727_0813_assets_work\final_assets\final_asset_manifest.csv,original_clean
triangle/096_erase_the_triangle_0812-142839.png,triangle,404.5,121.5,123,129,325,39,C:\Users\user\vscode\1ugrp\lerobot_robot_piper_full_code_2026-07-13\records\whiteboard_augmenter\records_0727_0813_assets_work\final_assets\final_asset_manifest.csv,original_clean
triangle/097_erase_the_triangle_0812-142935.png,triangle,413,113,116,124,337,33,C:\Users\user\vscode\1ugrp\lerobot_robot_piper_full_code_2026-07-13\records\whiteboard_augmenter\records_0727_0813_assets_work\final_assets\final_asset_manifest.csv,original_clean
triangle/098_erase_the_triangle_0812-143034.png,triangle,425.5,127,121,118,347,50,C:\Users\user\vscode\1ugrp\lerobot_robot_piper_full_code_2026-07-13\records\whiteboard_augmenter\records_0727_0813_assets_work\final_assets\final_asset_manifest.csv,original_clean
triangle/099_erase_the_triangle_0812-143136.png,triangle,431,127,128,128,349,45,C:\Users\user\vscode\1ugrp\lerobot_robot_piper_full_code_2026-07-13\records\whiteboard_augmenter\records_0727_0813_assets_work\final_assets\final_asset_manifest.csv,original_clean
triangle/100_erase_the_triangle_0813-121931.png,triangle,411.5,511.5,123,133,332,427,C:\Users\user\vscode\1ugrp\lerobot_robot_piper_full_code_2026-07-13\records\whiteboard_augmenter\records_0727_0813_assets_work\final_assets\final_asset_manifest.csv,original_clean
triangle/102_erase_the_triangle_0813-122131.png,triangle,593.5,143,135,162,508,44,C:\Users\user\vscode\1ugrp\lerobot_robot_piper_full_code_2026-07-13\records\whiteboard_augmenter\records_0727_0813_assets_work\final_assets\final_asset_manifest.csv,original_clean
triangle/103_erase_the_triangle_0813-122239.png,triangle,422,134.5,128,151,340,41,C:\Users\user\vscode\1ugrp\lerobot_robot_piper_full_code_2026-07-13\records\whiteboard_augmenter\records_0727_0813_assets_work\final_assets\final_asset_manifest.csv,original_clean
triangle/104_erase_the_triangle_0813-213328.png,triangle,550.5,486.5,97,115,484,411,C:\Users\user\vscode\1ugrp\lerobot_robot_piper_full_code_2026-07-13\records\whiteboard_augmenter\records_0727_0813_assets_work\final_assets\final_asset_manifest.csv,original_clean
triangle/105_erase_the_triangle_0813-213932.png,triangle,512,138.5,84,111,452,65,C:\Users\user\vscode\1ugrp\lerobot_robot_piper_full_code_2026-07-13\records\whiteboard_augmenter\records_0727_0813_assets_work\final_assets\final_asset_manifest.csv,original_clean
triangle/008_erase_the_triangle_0727-113957.png,triangle,585,521.5,98,111,518,448,C:\Users\user\vscode\1ugrp\lerobot_robot_piper_full_code_2026-07-13\records\whiteboard_augmenter\records_0727_0813_assets_work\final_assets\final_asset_manifest.csv,recovered_approved
triangle/009_erase_the_triangle_0727-114215.png,triangle,601,478,106,140,530,390,C:\Users\user\vscode\1ugrp\lerobot_robot_piper_full_code_2026-07-13\records\whiteboard_augmenter\records_0727_0813_assets_work\final_assets\final_asset_manifest.csv,recovered_approved
triangle/017_erase_the_triangle_0727-115632.png,triangle,424,129,116,144,348,39,C:\Users\user\vscode\1ugrp\lerobot_robot_piper_full_code_2026-07-13\records\whiteboard_augmenter\records_0727_0813_assets_work\final_assets\final_asset_manifest.csv,recovered_approved
triangle/042_erase_the_triangle_0802-143926.png,triangle,539.5,462.5,81,101,481,394,C:\Users\user\vscode\1ugrp\lerobot_robot_piper_full_code_2026-07-13\records\whiteboard_augmenter\records_0727_0813_assets_work\final_assets\final_asset_manifest.csv,recovered_approved
triangle/047_erase_the_triangle_0802-144629.png,triangle,288,216.5,104,115,218,141,C:\Users\user\vscode\1ugrp\lerobot_robot_piper_full_code_2026-07-13\records\whiteboard_augmenter\records_0727_0813_assets_work\final_assets\final_asset_manifest.csv,recovered_approved
triangle/063_erase_the_triangle_0805-183131.png,triangle,448.5,477,137,146,362,386,C:\Users\user\vscode\1ugrp\lerobot_robot_piper_full_code_2026-07-13\records\whiteboard_augmenter\records_0727_0813_assets_work\final_assets\final_asset_manifest.csv,recovered_approved
triangle/101_erase_the_triangle_0813-122030.png,triangle,597,450,124,148,517,358,C:\Users\user\vscode\1ugrp\lerobot_robot_piper_full_code_2026-07-13\records\whiteboard_augmenter\records_0727_0813_assets_work\final_assets\final_asset_manifest.csv,recovered_approved
